{
    "rmse": 0.2606993754302195,
    "mae": 0.06796416434970652,
    "r2": 0.71582080117991
}