{
    "rmse": 0.2659784136497717,
    "mae": 0.07012666048810627,
    "r2": 0.7050781871654008,
    "accuracy": 0.9301822675316651
}