{
    "rmse": 0.26539703937285675,
    "mae": 0.06672845227062095,
    "r2": 0.8486164464259636
}