{
    "rmse": 0.23646558222841263,
    "mae": 0.05591597157862218,
    "r2": 0.7669579806262694
}