{
    "rmse": 0.2553112065142539,
    "mae": 0.06456595613222119,
    "r2": 0.72847112123183,
    "accuracy": 0.9357429718875502
}