{
    "rmse": 0.2998300414459422,
    "mae": 0.08989805375347544,
    "r2": 0.6258243473742833
}