{
    "rmse": 0.23515551352047734,
    "mae": 0.055298115539079394,
    "r2": 0.7670857937621347
}