{
    "rmse": 0.23841718821833371,
    "mae": 0.05622489959839357,
    "r2": 0.7634794266398963,
    "accuracy": 0.9440840284213778
}